 "projUri" , "fileCount" , "size" , "maxCreated" , "maxIdentifier" , "maxModified" , "maxTitle" , "maxFedCreated" , "maxPubStatus" ,
 "https://fedora.prod.icpsr.umich.edu/fedora/rest/openicpsr/112383" , "4" , "122491" , "2010-12-01T00:00:00" , "112383" ,  , "Replication data for: Early Admissions at Selective Colleges" , "2019-10-11T19:08:12.537Z" , "PUBLISHED" ,
 "https://fedora.prod.icpsr.umich.edu/fedora/rest/openicpsr/111943" , "158" , "66370185" , "2019-09-19T21:31:30" , "111943" ,  , "Replication Data for: The Power of Social Pensions: Evidence from China’s New Rural Pension Scheme" , "2019-09-20T01:31:30.797Z" , "PUBLISHED" ,
 "https://fedora.prod.icpsr.umich.edu/fedora/rest/openicpsr/112141" , "3" , "21001" , "2019-10-01T09:38:46" , "112141" ,  , "Steering the climate system: comment" , "2019-10-01T13:38:46.375Z" , "PUBLISHED" ,
 "https://fedora.prod.icpsr.umich.edu/fedora/rest/openicpsr/112371" , "72" , "2373571" , "2010-09-01T00:00:00" , "112371" ,  , "Replication data for: Preemption Games: Theory and Experiment" , "2019-10-11T18:57:00.893Z" , "PUBLISHED" ,
 "https://fedora.prod.icpsr.umich.edu/fedora/rest/openicpsr/112480" , "9" , "2190056" , "2011-12-01T00:00:00" , "112480" ,  , "Replication data for: Media and Political Persuasion: Evidence from Russia" , "2019-10-11T20:32:17.603Z" , "PUBLISHED" ,
 "https://fedora.prod.icpsr.umich.edu/fedora/rest/openicpsr/109704" , "57" , "3599322" , "2019-05-10T11:57:43" , "109704" ,  , "Data and Code for: Unemployment Insurance and Means-Tested Program Interactions: Evidence from Administrative Data" , "2019-05-10T15:57:43.142Z" , "PUBLISHED" ,
 "https://fedora.prod.icpsr.umich.edu/fedora/rest/openicpsr/112328" , "3" , "165715" , "2010-03-01T00:00:00" , "112328" ,  , "Replication data for: Demographics and the Politics of Capital Taxation in a Life-Cycle Economy" , "2019-10-11T18:32:59.67Z" , "PUBLISHED" ,
 "https://fedora.prod.icpsr.umich.edu/fedora/rest/openicpsr/112449" , "24" , "6113968" , "2011-08-01T00:00:00" , "112449" ,  , "Replication data for: Segregation and the Quality of Government in a Cross Section of Countries" , "2019-10-11T19:59:47.173Z" , "PUBLISHED" ,
 "https://fedora.prod.icpsr.umich.edu/fedora/rest/openicpsr/112437" , "7" , "370510" , "2011-06-01T00:00:00" , "112437" ,  , "Replication data for: Face Value" , "2019-10-11T19:51:49.137Z" , "PUBLISHED" ,
 "https://fedora.prod.icpsr.umich.edu/fedora/rest/openicpsr/112316" , "28" , "909639" , "2005-06-01T00:00:00" , "112316" ,  , "Replication data for: Risk Aversion and Incentive Effects: Comment" , "2019-10-11T18:29:50.075Z" , "PUBLISHED" ,
 "https://fedora.prod.icpsr.umich.edu/fedora/rest/openicpsr/112425" , "13" , "70161971" , "2011-05-01T00:00:00" , "112425" ,  , "Replication data for: Electricity Consumption and Durable Housing: Understanding Cohort Effects" , "2019-10-11T19:47:38.078Z" , "PUBLISHED" ,
 "https://fedora.prod.icpsr.umich.edu/fedora/rest/openicpsr/112413" , "14" , "88926" , "2011-04-01T00:00:00" , "112413" ,  , "Replication data for: Sales and Monetary Policy" , "2019-10-11T19:43:38.184Z" , "PUBLISHED" ,
 "https://fedora.prod.icpsr.umich.edu/fedora/rest/openicpsr/112069" , "11" , "799739" , "2019-09-26T17:52:32" , "112069" ,  , "Data and Code for: Designing Call Auction Institutions to Eliminate Price Bubbles: Is English Dutch the Best?" , "2019-09-26T21:52:32.17Z" , "PUBLISHED" ,
 "https://fedora.prod.icpsr.umich.edu/fedora/rest/openicpsr/112401" , "29" , "6560919" , "2011-02-01T00:00:00" , "112401" ,  , "Replication data for: The Evolution of Cooperation in Infinitely Repeated Games: Experimental Evidence" , "2019-10-11T19:13:11.959Z" , "PUBLISHED" ,
 "https://fedora.prod.icpsr.umich.edu/fedora/rest/openicpsr/112396" , "27" , "253475" , "2011-02-01T00:00:00" , "112396" ,  , "Replication data for: Reference Prices, Costs, and Nominal Rigidities" , "2019-10-11T19:10:44.186Z" , "PUBLISHED" ,
 "https://fedora.prod.icpsr.umich.edu/fedora/rest/openicpsr/112384" , "7" , "14612950" , "2010-12-01T00:00:00" , "112384" ,  , "Replication data for: The Changing Incidence of Geography" , "2019-10-11T19:08:20.738Z" , "PUBLISHED" ,
 "https://fedora.prod.icpsr.umich.edu/fedora/rest/openicpsr/112394" , "23" , "172115" , "2011-02-01T00:00:00" , "112394" ,  , "Replication data for: Two Illustrations of the Quantity Theory of Money: Breakdowns and Revivals" , "2019-10-11T19:10:12.399Z" , "PUBLISHED" ,
 "https://fedora.prod.icpsr.umich.edu/fedora/rest/openicpsr/112382" , "129" , "1964791" , "2010-12-01T00:00:00" , "112382" ,  , "Replication data for: International Trade and Income Differences" , "2019-10-11T19:06:23.988Z" , "PUBLISHED" ,
 "https://fedora.prod.icpsr.umich.edu/fedora/rest/openicpsr/112370" , "11" , "3255176" , "2010-09-01T00:00:00" , "112370" ,  , "Replication data for: Elections, Capital Flows, and Politico-economic Equilibria" , "2019-10-11T18:56:49.365Z" , "PUBLISHED" ,
 "https://fedora.prod.icpsr.umich.edu/fedora/rest/openicpsr/111576" , "7" , "444673" , "2019-08-26T15:53:38" , "111576" ,  , "QE, Collateral Constraints, and Financial Spillovers" , "2019-08-26T19:53:38.808Z" , "PUBLISHED" ,
 "https://fedora.prod.icpsr.umich.edu/fedora/rest/openicpsr/111685" , "8" , "809844" , "2019-09-03T11:44:14" , "111685" ,  , "Data and Code for: Ambiguity, Nominal Bond Yields, and Real Bond Yields" , "2019-09-03T15:44:14.036Z" , "PUBLISHED" ,
 "https://fedora.prod.icpsr.umich.edu/fedora/rest/openicpsr/112339" , "13" , "2315749" , "2010-03-01T00:00:00" , "112339" ,  , "Replication data for: Multiple-Product Firms and Product Switching" , "2019-10-11T18:36:35.267Z" , "PUBLISHED" ,
 "https://fedora.prod.icpsr.umich.edu/fedora/rest/openicpsr/110681" , "13" , "38794723" , "2019-07-11T08:54:19" , "110681" ,  , "Imperial Russian Factory Database, 1894-1908" , "2019-07-11T12:54:19.502Z" , "PUBLISHED" ,
 "https://fedora.prod.icpsr.umich.edu/fedora/rest/openicpsr/112315" , "57" , "28768019" , "2005-06-01T00:00:00" , "112315" ,  , "Replication data for: The Collapse of a Medical Labor Clearinghouse (and Why Such Failures Are Rare)" , "2019-10-11T18:28:53.49Z" , "PUBLISHED" ,
 "https://fedora.prod.icpsr.umich.edu/fedora/rest/openicpsr/112448" , "9" , "190539550" , "2011-08-01T00:00:00" , "112448" ,  , "Replication data for: Unhealthy Insurance Markets: Search Frictions and the Cost and Quality of Health Insurance" , "2019-10-11T19:59:25.351Z" , "PUBLISHED" ,
 "https://fedora.prod.icpsr.umich.edu/fedora/rest/openicpsr/112327" , "5" , "1526744" , "2010-03-01T00:00:00" , "112327" ,  , "Replication data for: Currency Choice and Exchange Rate Pass-Through" , "2019-10-11T18:32:51.316Z" , "PUBLISHED" ,
 "https://fedora.prod.icpsr.umich.edu/fedora/rest/openicpsr/112436" , "7" , "18239503" , "2011-06-01T00:00:00" , "112436" ,  , "Replication data for: Education and Labor Market Discrimination" , "2019-10-11T19:51:38.556Z" , "PUBLISHED" ,
 "https://fedora.prod.icpsr.umich.edu/fedora/rest/openicpsr/112424" , "6" , "155578" , "2011-05-01T00:00:00" , "112424" ,  , "Replication data for: Promoting Recycling: Private Values, Social Norms, and Economic Incentives" , "2019-10-11T19:47:27.674Z" , "PUBLISHED" ,
 "https://fedora.prod.icpsr.umich.edu/fedora/rest/openicpsr/112412" , "28" , "3115055" , "2011-04-01T00:00:00" , "112412" ,  , "Replication data for: Deferred Compensation in Multiperiod Labor Contracts: An Experimental Test of Lazear's Model" , "2019-10-11T19:43:15.169Z" , "PUBLISHED" ,
 "https://fedora.prod.icpsr.umich.edu/fedora/rest/openicpsr/112400" , "15" , "4225936" , "2011-02-01T00:00:00" , "112400" ,  , "Replication data for: Inflation and Unemployment in the Long Run" , "2019-10-11T19:12:53.778Z" , "PUBLISHED" ,
 "https://fedora.prod.icpsr.umich.edu/fedora/rest/openicpsr/112395" , "11" , "120713" , "2011-02-01T00:00:00" , "112395" ,  , "Replication data for: Growing Like China" , "2019-10-11T19:10:32.193Z" , "PUBLISHED" ,
 "https://fedora.prod.icpsr.umich.edu/fedora/rest/openicpsr/112393" , "16" , "249013" , "2010-12-01T00:00:00" , "112393" ,  , "Replication data for: Real Business Cycles in Emerging Countries?" , "2019-10-11T19:09:57.33Z" , "PUBLISHED" ,
 "https://fedora.prod.icpsr.umich.edu/fedora/rest/openicpsr/112381" , "4" , "16955356" , "2010-12-01T00:00:00" , "112381" ,  , "Replication data for: Inherited Trust and Growth" , "2019-10-11T19:06:13.256Z" , "PUBLISHED" ,
 "https://fedora.prod.icpsr.umich.edu/fedora/rest/openicpsr/111105" , "79" , "9390250" , "2019-08-05T15:47:04" , "111105" ,  , "Virtue Signaling: Using Risk Preferences to Signal Trustworthiness" , "2019-08-05T19:47:04.336Z" ,  ,
 "https://fedora.prod.icpsr.umich.edu/fedora/rest/openicpsr/111185" , "114" , "5966868057" , "2019-08-07T18:23:18" , "111185" ,  , "Optimal climate policy when damages are unknown" , "2019-08-07T22:23:18.267Z" , "PUBLISHED" ,
 "https://fedora.prod.icpsr.umich.edu/fedora/rest/openicpsr/111281" , "28" , "786192" , "2019-08-09T14:16:51" , "111281" ,  , "Data and Code for: Information Redundancy Neglect versus Overconfidence: A Social Learning Experiment" , "2019-08-09T18:16:51.005Z" , "PUBLISHED" ,
 "https://fedora.prod.icpsr.umich.edu/fedora/rest/openicpsr/112326" , "28" , "63511399" , "2010-03-01T00:00:00" , "112326" ,  , "Replication data for: Multinationals and Anti-sweatshop Activism" , "2019-10-11T18:32:24.747Z" , "PUBLISHED" ,
 "https://fedora.prod.icpsr.umich.edu/fedora/rest/openicpsr/112338" , "25" , "12588620" , "2010-03-01T00:00:00" , "112338" ,  , "Replication data for: The Effect of Medicare Part D on Pharmaceutical Prices and Utilization" , "2019-10-11T18:36:14.367Z" , "PUBLISHED" ,
 "https://fedora.prod.icpsr.umich.edu/fedora/rest/openicpsr/112459" , "55" , "12539838" , "2011-10-01T00:00:00" , "112459" ,  , "Replication data for: Aggregation and the PPP Puzzle in a Sticky-Price Model" , "2019-10-11T20:04:17.483Z" , "PUBLISHED" ,
 "https://fedora.prod.icpsr.umich.edu/fedora/rest/openicpsr/112447" , "77" , "213021369" , "2011-08-01T00:00:00" , "112447" ,  , "Replication data for: The Impact of Regulations on the Supply and Quality of Care in Child Care Markets" , "2019-10-11T19:57:59.026Z" , "PUBLISHED" ,
 "https://fedora.prod.icpsr.umich.edu/fedora/rest/openicpsr/112435" , "20" , "327589" , "2011-06-01T00:00:00" , "112435" ,  , "Replication data for: The Inflation-Output Trade-Off with Downward Wage Rigidities" , "2019-10-11T19:51:18.789Z" , "PUBLISHED" ,
 "https://fedora.prod.icpsr.umich.edu/fedora/rest/openicpsr/112314" , "3" , "60360" , "2005-06-01T00:00:00" , "112314" ,  , "Replication data for: Does Competition for Capital Discipline Governments? Decentralization, Globalization, and Public Policy" , "2019-10-11T18:28:42.786Z" , "PUBLISHED" ,
 "https://fedora.prod.icpsr.umich.edu/fedora/rest/openicpsr/112423" , "4" , "18605973" , "2011-05-01T00:00:00" , "112423" ,  , "Replication data for: Remittances and Income Smoothing" , "2019-10-11T19:47:19.597Z" , "PUBLISHED" ,
 "https://fedora.prod.icpsr.umich.edu/fedora/rest/openicpsr/112411" , "23" , "93021580" , "2011-04-01T00:00:00" , "112411" ,  , "Replication data for: The Bidder's Curse" , "2019-10-11T19:42:48.156Z" , "PUBLISHED" ,
 "https://fedora.prod.icpsr.umich.edu/fedora/rest/openicpsr/112392" , "6" , "1142593" , "2010-12-01T00:00:00" , "112392" ,  , "Replication data for: Doing Well by Doing Good? Green Office Buildings" , "2019-10-11T19:09:48.742Z" , "PUBLISHED" ,
 "https://fedora.prod.icpsr.umich.edu/fedora/rest/openicpsr/112380" , "5" , "1823700" , "2010-12-01T00:00:00" , "112380" ,  , "Replication data for: Margins of Multinational Labor Substitution" , "2019-10-11T19:06:05.984Z" , "PUBLISHED" ,
 "https://fedora.prod.icpsr.umich.edu/fedora/rest/openicpsr/111881" , "15" , "7804821" , "2019-09-17T12:30:49" , "111881" ,  , "Data and Code for: Are We Approaching an Economic Singularity?" , "2019-09-17T16:30:49.939Z" , "PUBLISHED" ,
 "https://fedora.prod.icpsr.umich.edu/fedora/rest/openicpsr/111421" , "117" , "160444556" , "2019-08-16T12:43:09" , "111421" ,  , "Patient Cost Sharing and Healthcare Utilization in Early Childhood: Evidence from a Regression Discontinuity Design" , "2019-08-16T16:43:09.872Z" , "PUBLISHED" ,
 "https://fedora.prod.icpsr.umich.edu/fedora/rest/openicpsr/111542" , "99" , "132876783" , "2019-08-22T21:55:20" , "111542" ,  , "Replication package for: The Perils of High-Powered Incentives: Evidence from Colombia's False Positives" , "2019-08-23T01:55:20.922Z" , "PUBLISHED" ,
 "https://fedora.prod.icpsr.umich.edu/fedora/rest/openicpsr/109703" , "91" , "4974414393" , "2019-05-10T11:37:08" , "109703" ,  , "Replication data and code for: Rural Roads and Local Economic Development" , "2019-05-10T15:37:08.385Z" , "PUBLISHED" ,
 "https://fedora.prod.icpsr.umich.edu/fedora/rest/openicpsr/111161" , "86" , "576373324" , "2019-08-06T21:31:07" , "111161" ,  , "Replication Data and Code for: Dominant Currency Paradigm" , "2019-08-07T01:31:07.433Z" , "PUBLISHED" ,
 "https://fedora.prod.icpsr.umich.edu/fedora/rest/openicpsr/112349" , "5" , "1450627" , "2010-06-01T00:00:00" , "112349" ,  , "Replication data for: The Burden of the Nondiversifiable Risk of Entrepreneurship" , "2019-10-11T18:44:08.047Z" , "PUBLISHED" ,
 "https://fedora.prod.icpsr.umich.edu/fedora/rest/openicpsr/112337" , "2" , "57740" , "2010-03-01T00:00:00" , "112337" ,  , "Replication data for: Earnings Losses of Displaced Workers Revisited" , "2019-10-11T18:36:07.225Z" , "PUBLISHED" ,
 "https://fedora.prod.icpsr.umich.edu/fedora/rest/openicpsr/112458" , "6" , "1089346" , "2011-10-01T00:00:00" , "112458" ,  , "Replication data for: Nudging Farmers to Use Fertilizer: Theory and Experimental Evidence from Kenya" , "2019-10-11T20:04:06.349Z" , "PUBLISHED" ,
 "https://fedora.prod.icpsr.umich.edu/fedora/rest/openicpsr/112313" , "6" , "1807449" , "2005-06-01T00:00:00" , "112313" ,  , "Replication data for: Do Rural Banks Matter? Evidence from the Indian Social Banking Experiment" , "2019-10-11T18:28:34.566Z" , "PUBLISHED" ,
 "https://fedora.prod.icpsr.umich.edu/fedora/rest/openicpsr/112446" , "6" , "6341564" , "2011-08-01T00:00:00" , "112446" ,  , "Replication data for: Peer Effects, Teacher Incentives, and the Impact of Tracking: Evidence from a Randomized Evaluation in Kenya" , "2019-10-11T19:57:41.082Z" , "PUBLISHED" ,
 "https://fedora.prod.icpsr.umich.edu/fedora/rest/openicpsr/112325" , "4" , "901458" , "2010-03-01T00:00:00" , "112325" ,  , "Replication data for: Contractibility and the Design of Research Agreements" , "2019-10-11T18:32:16.129Z" , "PUBLISHED" ,
 "https://fedora.prod.icpsr.umich.edu/fedora/rest/openicpsr/112434" , "8" , "524223679" , "2011-06-01T00:00:00" , "112434" ,  , "Replication data for: Strike Three: Discrimination, Incentives, and Evaluation" , "2019-10-11T19:50:43.228Z" , "PUBLISHED" ,
 "https://fedora.prod.icpsr.umich.edu/fedora/rest/openicpsr/112422" , "5" , "46389" , "2011-05-01T00:00:00" , "112422" ,  , "Replication data for: Oaxaca-Blinder as a Reweighting Estimator" , "2019-10-11T19:47:12.745Z" , "PUBLISHED" ,
 "https://fedora.prod.icpsr.umich.edu/fedora/rest/openicpsr/112301" , "169" , "503460307" , "2019-10-11T11:33:19" , "112301" ,  , "Data and Code for The Labor Market Impact of Immigration: Job Creation vs. Job Competition" , "2019-10-11T15:33:19.375Z" , "PUBLISHED" ,
 "https://fedora.prod.icpsr.umich.edu/fedora/rest/openicpsr/112410" , "27" , "4569753" , "2011-04-01T00:00:00" , "112410" ,  , "Replication data for: The Rich Domain of Uncertainty: Source Functions and Their Experimental Implementation" , "2019-10-11T19:42:19.827Z" , "PUBLISHED" ,
 "https://fedora.prod.icpsr.umich.edu/fedora/rest/openicpsr/112460" , "52" , "4496305" , "2011-10-01T00:00:00" , "112460" ,  , "Replication data for: International Prices, Costs, and Markup Differences" , "2019-10-11T20:05:05.165Z" , "PUBLISHED" ,
 "https://fedora.prod.icpsr.umich.edu/fedora/rest/openicpsr/111705" , "15" , "3162792944" , "2019-09-04T11:02:38" , "111705" ,  , "Data and Code for: State of American Entrepreneurship" , "2019-09-04T15:02:38.784Z" , "PUBLISHED" ,
 "https://fedora.prod.icpsr.umich.edu/fedora/rest/openicpsr/111664" , "5665" , "1210240241" , "2019-08-30T20:13:55" , "111664" ,  , "Data and Code for: Housing Supply Dynamics under Rent Control: What Can Evictions Tell Us?" , "2019-08-31T00:13:55.445Z" ,  ,
 "https://fedora.prod.icpsr.umich.edu/fedora/rest/openicpsr/111882" , "3" , "92516" , "2019-09-17T13:20:50" , "111882" ,  , "Data and Code for: Inducing Cooperation through Weighted Voting and Veto Power" , "2019-09-17T17:20:50.841Z" , "PUBLISHED" ,
 "https://fedora.prod.icpsr.umich.edu/fedora/rest/openicpsr/111041" , "475" , "1084504712" , "2019-08-01T22:24:20" , "111041" ,  , "Data and Code for: Voter Turnout and Preference Aggregation" , "2019-08-02T02:24:20.324Z" , "PUBLISHED" ,
 "https://fedora.prod.icpsr.umich.edu/fedora/rest/openicpsr/112308" , "3" , "356873" , "2005-03-01T00:00:00" , "112308" ,  , "Replication data for: The Sensitivity of Long-Term Interest Rates to Economic News: Evidence and Implications for Macroeconomic Models" , "2019-10-11T18:26:33.502Z" , "PUBLISHED" ,
 "https://fedora.prod.icpsr.umich.edu/fedora/rest/openicpsr/112429" , "4" , "230727" , "2011-06-01T00:00:00" , "112429" ,  , "Replication data for: Participation" , "2019-10-11T19:48:54.898Z" , "PUBLISHED" ,
 "https://fedora.prod.icpsr.umich.edu/fedora/rest/openicpsr/112417" , "34" , "703620" , "2011-04-01T00:00:00" , "112417" ,  , "Replication data for: Real-Time Search in the Laboratory and the Market" , "2019-10-11T19:44:40.604Z" , "PUBLISHED" ,
 "https://fedora.prod.icpsr.umich.edu/fedora/rest/openicpsr/112405" , "5" , "188859" , "2011-04-01T00:00:00" , "112405" ,  , "Replication data for: Reference Points and Effort Provision" , "2019-10-11T19:14:05.896Z" , "PUBLISHED" ,
 "https://fedora.prod.icpsr.umich.edu/fedora/rest/openicpsr/112146" , "130" , "731824072" , "2019-10-01T14:23:32" , "112146" ,  , "Data and Code for: Revealed Preferences over Risk and Uncertainty" , "2019-10-01T18:23:32.111Z" , "PUBLISHED" ,
 "https://fedora.prod.icpsr.umich.edu/fedora/rest/openicpsr/112388" , "6" , "9958625" , "2010-12-01T00:00:00" , "112388" ,  , "Replication data for: Do We Follow Others When We Should? A Simple Test of Rational Expectations" , "2019-10-11T19:09:05.869Z" , "PUBLISHED" ,
 "https://fedora.prod.icpsr.umich.edu/fedora/rest/openicpsr/112376" , "6" , "273530" , "2010-09-01T00:00:00" , "112376" ,  , "Replication data for: Efficiency Gains from Team-Based Coordination—Large-Scale Experimental Evidence" , "2019-10-11T19:04:54.681Z" , "PUBLISHED" ,
 "https://fedora.prod.icpsr.umich.edu/fedora/rest/openicpsr/112364" , "4" , "135572" , "2010-09-01T00:00:00" , "112364" ,  , "Replication data for: Social Comparisons and Contributions to Online Communities: A Field Experiment on MovieLens" , "2019-10-11T18:55:04.947Z" , "PUBLISHED" ,
 "https://fedora.prod.icpsr.umich.edu/fedora/rest/openicpsr/112352" , "8" , "258710" , "2010-06-01T00:00:00" , "112352" ,  , "Replication data for: Are Risk Aversion and Impatience Related to Cognitive Ability?" , "2019-10-11T18:48:43.288Z" , "PUBLISHED" ,
 "https://fedora.prod.icpsr.umich.edu/fedora/rest/openicpsr/112473" , "119" , "951423139" , "2011-12-01T00:00:00" , "112473" ,  , "Replication data for: School Desegregation, School Choice, and Changes in Residential Location Patterns by Race" , "2019-10-11T20:27:52.99Z" , "PUBLISHED" ,
 "https://fedora.prod.icpsr.umich.edu/fedora/rest/openicpsr/112340" , "27" , "1266300467" , "2010-03-01T00:00:00" , "112340" ,  , "Replication data for: "Momma's Got the Pill": How Anthony Comstock and Griswold v. Connecticut Shaped US Childbearing" , "2019-10-11T18:37:14.401Z" , "PUBLISHED" ,
 "https://fedora.prod.icpsr.umich.edu/fedora/rest/openicpsr/112461" , "23" , "295297" , "2011-10-01T00:00:00" , "112461" ,  , "Replication data for: Risk Matters: The Real Effects of Volatility Shocks" , "2019-10-11T20:05:46.28Z" , "PUBLISHED" ,
 "https://fedora.prod.icpsr.umich.edu/fedora/rest/openicpsr/112350" , "293" , "19108890" , "2010-06-01T00:00:00" , "112350" ,  , "Replication data for: What Causes Industry Agglomeration? Evidence from Coagglomeration Patterns" , "2019-10-11T18:44:23.999Z" , "PUBLISHED" ,
 "https://fedora.prod.icpsr.umich.edu/fedora/rest/openicpsr/112471" , "116" , "160898511" , "2011-12-01T00:00:00" , "112471" ,  , "Replication data for: Sources of Lifetime Inequality" , "2019-10-11T20:24:32.499Z" , "PUBLISHED" ,
 "https://fedora.prod.icpsr.umich.edu/fedora/rest/openicpsr/111706" , "135" , "686489240" , "2019-09-04T14:32:11" , "111706" ,  , "Replication Data for: Accelerator or Brake? Cash for Clunkers, Household Liquidity and Aggregate Demand" , "2019-09-04T18:32:11.625Z" , "PUBLISHED" ,
 "https://fedora.prod.icpsr.umich.edu/fedora/rest/openicpsr/111641" , "23" , "3056273" , "2019-08-29T22:07:22" , "111641" ,  , "Codes for A Single-Judge Solution to Beauty Contests" , "2019-08-30T02:07:22.59Z" , "PUBLISHED" ,
 "https://fedora.prod.icpsr.umich.edu/fedora/rest/openicpsr/110661" , "53" , "584433" , "2019-07-10T09:05:00" , "110661" ,  , "Code for: Bunching to Maximize Tax Credits: Evidence from Kinks in the U.S. Tax Schedule" , "2019-07-10T13:05:00.422Z" , "PUBLISHED" ,
 "https://fedora.prod.icpsr.umich.edu/fedora/rest/openicpsr/112319" , "2" , "2030206" , "2005-09-01T00:00:00" , "112319" ,  , "Replication data for: When Optimal Choices Feel Wrong: A Laboratory Study of Bayesian Updating, Complexity, and Affect" , "2019-10-11T18:31:17.105Z" , "PUBLISHED" ,
 "https://fedora.prod.icpsr.umich.edu/fedora/rest/openicpsr/112428" , "19" , "259569" , "2011-06-01T00:00:00" , "112428" ,  , "Replication data for: Choice Inconsistencies among the Elderly: Evidence from Plan Choice in the Medicare Part D Program" , "2019-10-11T19:48:36.739Z" , "PUBLISHED" ,
 "https://fedora.prod.icpsr.umich.edu/fedora/rest/openicpsr/112307" , "16" , "5895426" , "2004-12-01T00:00:00" , "112307" ,  , "Replication data for: The Effect of Health Risk on Housing Values: Evidence from a Cancer Cluster" , "2019-10-11T18:26:18.712Z" , "PUBLISHED" ,
 "https://fedora.prod.icpsr.umich.edu/fedora/rest/openicpsr/112416" , "5" , "382854" , "2011-04-01T00:00:00" , "112416" ,  , "Replication data for: Coordination in the Presence of Asset Markets" , "2019-10-11T19:44:31.679Z" , "PUBLISHED" ,
 "https://fedora.prod.icpsr.umich.edu/fedora/rest/openicpsr/111381" , "25" , "510136604" , "2019-08-14T12:11:41" , "111381" ,  , "Data and Code for: Rules for Recovery:  Impact of Indexed Disaster Funds on Shock Coping in Mexico" , "2019-08-14T16:11:41.423Z" , "PUBLISHED" ,
 "https://fedora.prod.icpsr.umich.edu/fedora/rest/openicpsr/112404" , "18" , "3379257" , "2011-04-01T00:00:00" , "112404" ,  , "Replication data for: The Long Slump" , "2019-10-11T19:13:50.815Z" , "PUBLISHED" ,
 "https://fedora.prod.icpsr.umich.edu/fedora/rest/openicpsr/112399" , "59" , "530840" , "2011-02-01T00:00:00" , "112399" ,  , "Replication data for: Monetary Policy, Trend Inflation, and the Great Moderation: An Alternative Interpretation" , "2019-10-11T19:12:07.796Z" , "PUBLISHED" ,
 "https://fedora.prod.icpsr.umich.edu/fedora/rest/openicpsr/112387" , "19" , "6378198" , "2010-12-01T00:00:00" , "112387" ,  , "Replication data for: Social Preferences and Strategic Uncertainty: An Experiment on Markets and Contracts" , "2019-10-11T19:08:47.18Z" , "PUBLISHED" ,
 "https://fedora.prod.icpsr.umich.edu/fedora/rest/openicpsr/112266" , "91" , "137127979" , "2019-10-09T19:35:50" , "112266" ,  , "Replication Data For: Do Parents Value School Effectiveness?" , "2019-10-09T23:35:50.304Z" , "PUBLISHED" ,
 "https://fedora.prod.icpsr.umich.edu/fedora/rest/openicpsr/112375" , "286" , "7377136" , "2010-09-01T00:00:00" , "112375" ,  , "Replication data for: Constrained School Choice: An Experimental Study" , "2019-10-11T19:00:41.882Z" , "PUBLISHED" ,
 "https://fedora.prod.icpsr.umich.edu/fedora/rest/openicpsr/112363" , "14" , "93642" , "2010-09-01T00:00:00" , "112363" ,  , "Replication data for: Identifying the Elasticity of Substitution with Biased Technical Change" , "2019-10-11T18:54:41.05Z" , "PUBLISHED" ,
 "https://fedora.prod.icpsr.umich.edu/fedora/rest/openicpsr/112121" , "315" , "378217934" , "2019-09-29T06:18:57" , "112121" ,  , "Data and Code for: Industrial Espionage and Productivity" , "2019-09-29T10:18:57.529Z" , "PUBLISHED" ,
 "https://fedora.prod.icpsr.umich.edu/fedora/rest/openicpsr/112351" , "33" , "246944" , "2010-06-01T00:00:00" , "112351" ,  , "Replication data for: Specific Capital and Vintage Effects on the Dynamics of Unemployment and Vacancies" , "2019-10-11T18:47:59Z" , "PUBLISHED" ,
 "https://fedora.prod.icpsr.umich.edu/fedora/rest/openicpsr/112472" , "81" , "73368283" , "2011-12-01T00:00:00" , "112472" ,  , "Replication data for: The Effect of Newspaper Entry and Exit on Electoral Politics" , "2019-10-11T20:26:12.643Z" , "PUBLISHED" ,
 "https://fedora.prod.icpsr.umich.edu/fedora/rest/openicpsr/112361" , "8" , "154877" , "2010-06-01T00:00:00" , "112361" ,  , "Replication data for: Is a Donor in Hand Better Than Two in the Bush? Evidence from a Natural Field Experiment" , "2019-10-11T18:52:04.014Z" , "PUBLISHED" ,
 "https://fedora.prod.icpsr.umich.edu/fedora/rest/openicpsr/112482" , "8" , "371309" , "2011-12-01T00:00:00" , "112482" ,  , "Replication data for: Relative Earnings and Giving in a Real-Effort Experiment" , "2019-10-11T20:32:38.647Z" , "PUBLISHED" ,
 "https://fedora.prod.icpsr.umich.edu/fedora/rest/openicpsr/112470" , "874" , "373499413" , "2011-10-01T00:00:00" , "112470" ,  , "Replication data for: Expectations, Learning, and Business Cycle Fluctuations" , "2019-10-11T20:12:23.839Z" , "PUBLISHED" ,
 "https://fedora.prod.icpsr.umich.edu/fedora/rest/openicpsr/111666" , "14" , "955150" , "2019-08-31T13:48:35" , "111666" ,  , "Data + code supplement for Health Care Demand Under Simple Prices" , "2019-08-31T17:48:35.76Z" , "PUBLISHED" ,
 "https://fedora.prod.icpsr.umich.edu/fedora/rest/openicpsr/111901" , "12" , "273996742" , "2019-09-18T04:48:17" , "111901" ,  , "Data and Code for: War of the Waves: Radio and Resistance in World War II" , "2019-09-18T08:48:17.259Z" , "PUBLISHED" ,
 "https://fedora.prod.icpsr.umich.edu/fedora/rest/openicpsr/111981" , "51" , "8525972" , "2019-09-21T10:01:29" , "111981" ,  , "Adopt or Innovate: Understanding technological responses to cap-and-trade" , "2019-09-21T14:01:29.843Z" , "PUBLISHED" ,
 "https://fedora.prod.icpsr.umich.edu/fedora/rest/openicpsr/112306" , "6" , "46652" , "2004-12-01T00:00:00" , "112306" ,  , "Replication data for: Progressive Taxation and Long-Run Growth" , "2019-10-11T18:26:06.517Z" , "PUBLISHED" ,
 "https://fedora.prod.icpsr.umich.edu/fedora/rest/openicpsr/112439" , "4" , "288776482" , "2011-06-01T00:00:00" , "112439" ,  , "Replication data for: Asymmetric Information, Adverse Selection and Online Disclosure: The Case of eBay Motors" , "2019-10-11T19:52:13.967Z" , "PUBLISHED" ,
 "https://fedora.prod.icpsr.umich.edu/fedora/rest/openicpsr/112318" , "72" , "80920295" , "2005-09-01T00:00:00" , "112318" ,  , "Replication data for: Does School Choice Lead to Sorting? Evidence from Tiebout Variation" , "2019-10-11T18:30:25.948Z" , "PUBLISHED" ,
 "https://fedora.prod.icpsr.umich.edu/fedora/rest/openicpsr/112427" , "6" , "154614" , "2011-06-01T00:00:00" , "112427" ,  , "Replication data for: Read All about It!! What Happens Following a Technology Shock?" , "2019-10-11T19:48:27.527Z" , "PUBLISHED" ,
 "https://fedora.prod.icpsr.umich.edu/fedora/rest/openicpsr/112415" , "46" , "4442414" , "2011-04-01T00:00:00" , "112415" ,  , "Replication data for: Search Dynamics in Consumer Choice under Time Pressure: An Eye-Tracking Study" , "2019-10-11T19:44:00.812Z" , "PUBLISHED" ,
 "https://fedora.prod.icpsr.umich.edu/fedora/rest/openicpsr/112403" , "3" , "56446" , "2011-04-01T00:00:00" , "112403" ,  , "Replication data for: Stationary Concepts for Experimental 2 X 2 Games: Comment" , "2019-10-11T19:13:43.492Z" , "PUBLISHED" ,
 "https://fedora.prod.icpsr.umich.edu/fedora/rest/openicpsr/111707" , "10" , "2013632" , "2019-09-04T14:35:54" , "111707" ,  , "Data and Code for: Re-Examining the Contribution of Public Health Efforts to the Decline in Urban Mortality" , "2019-09-04T18:35:54.834Z" ,  ,
 "https://fedora.prod.icpsr.umich.edu/fedora/rest/openicpsr/112398" , "5" , "68722" , "2011-02-01T00:00:00" , "112398" ,  , "Replication data for: Trade Liberalization, Exports, and Technology Upgrading: Evidence on the Impact of MERCOSUR on Argentinian Firms" , "2019-10-11T19:11:58.456Z" , "PUBLISHED" ,
 "https://fedora.prod.icpsr.umich.edu/fedora/rest/openicpsr/112386" , "5" , "3425445" , "2010-12-01T00:00:00" , "112386" ,  , "Replication data for: Institutions and Behavior: Experimental Evidence on the Effects of Democracy" , "2019-10-11T19:08:38.796Z" , "PUBLISHED" ,
 "https://fedora.prod.icpsr.umich.edu/fedora/rest/openicpsr/112374" , "57" , "183326532" , "2010-09-01T00:00:00" , "112374" ,  , "Replication data for: The Gender Wage Gap and Domestic Violence" , "2019-10-11T18:59:45.394Z" , "PUBLISHED" ,
 "https://fedora.prod.icpsr.umich.edu/fedora/rest/openicpsr/112362" , "164" , "143255537" , "2010-06-01T00:00:00" , "112362" ,  , "Replication data for: Pinocchio's Pupil: Using Eyetracking and Pupil Dilation to Understand Truth Telling and Deception in Sender-Receiver Games" , "2019-10-11T18:52:23.017Z" , "PUBLISHED" ,
 "https://fedora.prod.icpsr.umich.edu/fedora/rest/openicpsr/112372" , "23" , "1301362" , "2010-09-01T00:00:00" , "112372" ,  , "Replication data for: Watta Satta: Bride Exchange and Women's Welfare in Rural Pakistan" , "2019-10-11T18:58:13.475Z" , "PUBLISHED" ,
 "https://fedora.prod.icpsr.umich.edu/fedora/rest/openicpsr/112360" , "7" , "704886" , "2010-06-01T00:00:00" , "112360" ,  , "Replication data for: A New Approach to Estimating the Production Function for Housing" , "2019-10-11T18:51:55.515Z" , "PUBLISHED" ,
 "https://fedora.prod.icpsr.umich.edu/fedora/rest/openicpsr/112481" , "5" , "227693" , "2011-12-01T00:00:00" , "112481" ,  , "Replication data for: The Consequences of Radical Reform: The French Revolution" , "2019-10-11T20:32:29.03Z" , "PUBLISHED" ,
 "https://fedora.prod.icpsr.umich.edu/fedora/rest/openicpsr/112317" , "5" , "280194" , "2005-06-01T00:00:00" , "112317" ,  , "Replication data for: Ethnic Polarization, Potential Conflict, and Civil Wars" , "2019-10-11T18:30:12.91Z" , "PUBLISHED" ,
 "https://fedora.prod.icpsr.umich.edu/fedora/rest/openicpsr/112329" , "88" , "14632579" , "2010-03-01T00:00:00" , "112329" ,  , "Replication data for: Learning about a New Technology: Pineapple in Ghana" , "2019-10-11T18:33:08.288Z" , "PUBLISHED" ,
 "https://fedora.prod.icpsr.umich.edu/fedora/rest/openicpsr/112438" , "9" , "1213348" , "2011-06-01T00:00:00" , "112438" ,  , "Replication data for: Term Premia and Inflation Uncertainty: Empirical Evidence from an International Panel Dataset" , "2019-10-11T19:51:58.598Z" , "PUBLISHED" ,
 "https://fedora.prod.icpsr.umich.edu/fedora/rest/openicpsr/112426" , "24" , "239252136" , "2011-06-01T00:00:00" , "112426" ,  , "Replication data for: The Role of Trading Frictions in Real Asset Markets" , "2019-10-11T19:47:57.648Z" , "PUBLISHED" ,
 "https://fedora.prod.icpsr.umich.edu/fedora/rest/openicpsr/112305" , "5" , "820482" , "2004-09-01T00:00:00" , "112305" ,  , "Replication data for: Saving, Risk Sharing, and Preferences for Risk" , "2019-10-11T18:25:14.537Z" , "PUBLISHED" ,
 "https://fedora.prod.icpsr.umich.edu/fedora/rest/openicpsr/112414" , "6" , "328860" , "2011-04-01T00:00:00" , "112414" ,  , "Replication data for: The Cyclical Behavior of Debt and Equity Finance" , "2019-10-11T19:43:51.837Z" , "PUBLISHED" ,
 "https://fedora.prod.icpsr.umich.edu/fedora/rest/openicpsr/112402" , "9" , "857682" , "2011-04-01T00:00:00" , "112402" ,  , "Replication data for: The Willingness to Pay—Willingness to Accept Gap, the Endowment Effect, Subject Misconceptions, and Experimental Procedures for Eliciting Valuations: Reply" , "2019-10-11T19:13:33.698Z" , "PUBLISHED" ,
 "https://fedora.prod.icpsr.umich.edu/fedora/rest/openicpsr/112397" , "65" , "17549993" , "2011-02-01T00:00:00" , "112397" ,  , "Replication data for: Bundle-Size Pricing as an Approximation to Mixed Bundling" , "2019-10-11T19:11:07.31Z" , "PUBLISHED" ,
 "https://fedora.prod.icpsr.umich.edu/fedora/rest/openicpsr/112385" , "6" , "121433" , "2010-12-01T00:00:00" , "112385" ,  , "Replication data for: Is Reputation Good or Bad? An Experiment" , "2019-10-11T19:08:30.357Z" , "PUBLISHED" ,
 "https://fedora.prod.icpsr.umich.edu/fedora/rest/openicpsr/112373" , "5" , "491885" , "2010-09-01T00:00:00" , "112373" ,  , "Replication data for: Self-Interest through Delegation: An Additional Rationale for the Principal-Agent Relationship" , "2019-10-11T18:59:31.506Z" , "PUBLISHED" ,
 "https://fedora.prod.icpsr.umich.edu/fedora/rest/openicpsr/111668" , "4" , "1146477" , "2019-08-31T16:27:28" , "111668" ,  , "Data and code for: Fiscal Rules, Bailouts, and Reputation in Federal Governments" , "2019-08-31T20:27:28.418Z" , "PUBLISHED" ,
 "https://fedora.prod.icpsr.umich.edu/fedora/rest/openicpsr/111523" , "41" , "20916367" , "2019-08-21T14:38:06" , "111523" ,  , "Data and Code for: Loss in the Time of Cholera: Long-run Impact of a Disease Epidemic on the Urban Landscape" , "2019-08-21T18:38:05.998Z" , "PUBLISHED" ,
 "https://fedora.prod.icpsr.umich.edu/fedora/rest/openicpsr/112181" , "89" , "340907718" , "2019-10-04T11:23:18" , "112181" ,  , "Data and Code for:  Hidden Baggage: Behavioral Responses to Changes in Airline Ticket Tax Disclosure" , "2019-10-04T15:23:18.445Z" , "PUBLISHED" ,
 "https://fedora.prod.icpsr.umich.edu/fedora/rest/openicpsr/111022" , "12" , "50935" , "2019-08-01T10:32:09" , "111022" ,  , "Matlab Codes for Optimal Collateralized Contracts" , "2019-08-01T14:32:09.529Z" , "PUBLISHED" ,
 "https://fedora.prod.icpsr.umich.edu/fedora/rest/openicpsr/109622" , "17" , "4116117" , "2019-05-06T09:09:30" , "109622" ,  , "Dataset and Programs for: Labor Market Returns to a Large Community College Program: Evidence from Admissions Lotteries" , "2019-05-06T13:09:30.213Z" ,  ,
 "https://fedora.prod.icpsr.umich.edu/fedora/rest/openicpsr/112409" , "41" , "321793" , "2011-04-01T00:00:00" , "112409" ,  , "Replication data for: Are Risk Preferences Stable across Contexts? Evidence from Insurance Data" , "2019-10-11T19:41:48.073Z" , "PUBLISHED" ,
 "https://fedora.prod.icpsr.umich.edu/fedora/rest/openicpsr/111481" , "39" , "524478" , "2019-08-19T15:21:49" , "111481" ,  , "Data and Code for: Misunderstanding nonlinear prices: Evidence from a natural experiment on residential electricity demand" , "2019-08-19T19:21:49.088Z" , "PUBLISHED" ,
 "https://fedora.prod.icpsr.umich.edu/fedora/rest/openicpsr/112368" , "20" , "162634" , "2010-09-01T00:00:00" , "112368" ,  , "Replication data for: Consumption Taxes and Redistribution" , "2019-10-11T18:56:20.829Z" , "PUBLISHED" ,
 "https://fedora.prod.icpsr.umich.edu/fedora/rest/openicpsr/112356" , "24" , "1898205" , "2010-06-01T00:00:00" , "112356" ,  , "Replication data for: A Study of the Internal Organization of a Bidding Cartel" , "2019-10-11T18:49:59.92Z" , "PUBLISHED" ,
 "https://fedora.prod.icpsr.umich.edu/fedora/rest/openicpsr/112477" , "16" , "331657" , "2011-12-01T00:00:00" , "112477" ,  , "Replication data for: Buffalo Hunt: International Trade and the Virtual Extinction of the North American Bison" , "2019-10-11T20:31:23.773Z" , "PUBLISHED" ,
 "https://fedora.prod.icpsr.umich.edu/fedora/rest/openicpsr/112005" , "77" , "11834976" , "2019-09-23T20:15:56" , "112005" ,  , "Data and Code for: The Size Distribution of Firms and Industrial Water Pollution: A Quantitative Analysis of China" , "2019-09-24T00:15:56.79Z" , "PUBLISHED" ,
 "https://fedora.prod.icpsr.umich.edu/fedora/rest/openicpsr/112344" , "5" , "179541768" , "2010-05-01T00:00:00" , "112344" ,  , "Replication data for: The Effect of Migration on Wages: Evidence from a Natural Experiment" , "2019-10-11T18:39:10.402Z" , "PUBLISHED" ,
 "https://fedora.prod.icpsr.umich.edu/fedora/rest/openicpsr/112465" , "18" , "1154663923" , "2011-10-01T00:00:00" , "112465" ,  , "Replication data for: Clearing the Air? The Effects of Gasoline Content Regulation on Air Quality" , "2019-10-11T20:07:48.08Z" , "PUBLISHED" ,
 "https://fedora.prod.icpsr.umich.edu/fedora/rest/openicpsr/112320" , "4" , "1099325" , "2005-05-01T00:00:00" , "112320" ,  , "Replication data for: The Influence of Technology on Foreign Direct Investment" , "2019-10-11T18:31:23.165Z" , "PUBLISHED" ,
 "https://fedora.prod.icpsr.umich.edu/fedora/rest/openicpsr/112332" , "49" , "294791" , "2010-03-01T00:00:00" , "112332" ,  , "Replication data for: Monetary Policy Rules and Macroeconomic Stability: Some New Evidence" , "2019-10-11T18:34:53.552Z" , "PUBLISHED" ,
 "https://fedora.prod.icpsr.umich.edu/fedora/rest/openicpsr/112453" , "9" , "250435" , "2011-08-01T00:00:00" , "112453" ,  , "Replication data for: Dynamics and Stagnation in the Malthusian Epoch" , "2019-10-11T20:00:52.068Z" , "PUBLISHED" ,
 "https://fedora.prod.icpsr.umich.edu/fedora/rest/openicpsr/112441" , "22" , "187195" , "2011-06-01T00:00:00" , "112441" ,  , "Replication data for: Fertility and the Personal Exemption: Comment" , "2019-10-11T19:54:09.883Z" , "PUBLISHED" ,
 "https://fedora.prod.icpsr.umich.edu/fedora/rest/openicpsr/112408" , "16" , "2130135" , "2011-04-01T00:00:00" , "112408" ,  , "Replication data for: Performance Pay and Multidimensional Sorting: Productivity, Preferences, and Gender" , "2019-10-11T19:41:31.938Z" , "PUBLISHED" ,
 "https://fedora.prod.icpsr.umich.edu/fedora/rest/openicpsr/112379" , "4" , "207744" , "2010-12-01T00:00:00" , "112379" ,  , "Replication data for: The Political Economy of the US Mortgage Default Crisis" , "2019-10-11T19:05:58.081Z" , "PUBLISHED" ,
 "https://fedora.prod.icpsr.umich.edu/fedora/rest/openicpsr/112367" , "55" , "5898429" , "2010-09-01T00:00:00" , "112367" ,  , "Replication data for: Determinants of Redistributive Politics: An Empirical Analysis of Land Reforms in West Bengal, India" , "2019-10-11T18:55:32.144Z" , "PUBLISHED" ,
 "https://fedora.prod.icpsr.umich.edu/fedora/rest/openicpsr/110803" , "44" , "208083046" , "2019-07-16T17:45:28" , "110803" ,  , "Data and Code for Uncertainty and Business Cycles: Exogenous Impulse or Endogenous Response? " , "2019-07-16T21:45:28.015Z" , "PUBLISHED" ,
 "https://fedora.prod.icpsr.umich.edu/fedora/rest/openicpsr/112355" , "57" , "317667" , "2010-06-01T00:00:00" , "112355" ,  , "Replication data for: Product Creation and Destruction: Evidence and Price Implications" , "2019-10-11T18:49:18.863Z" , "PUBLISHED" ,
 "https://fedora.prod.icpsr.umich.edu/fedora/rest/openicpsr/112476" , "36" , "7588416" , "2011-12-01T00:00:00" , "112476" ,  , "Replication data for: Who Thinks about the Competition? Managerial Ability and Strategic Entry in US Local Telephone Markets" , "2019-10-11T20:30:46.848Z" , "PUBLISHED" ,
 "https://fedora.prod.icpsr.umich.edu/fedora/rest/openicpsr/112343" , "12" , "93762" , "2010-05-01T00:00:00" , "112343" ,  , "Replication data for: Some Fiscal Calculus" , "2019-10-11T18:38:55.711Z" , "PUBLISHED" ,
 "https://fedora.prod.icpsr.umich.edu/fedora/rest/openicpsr/112222" , "49" , "113124" , "2019-10-07T07:09:31" , "112222" ,  , "Data and Code for Taxing Hidden Wealth: The Consequences of U.S. Enforcement Initiatives on Evasive Foreign Accounts" , "2019-10-07T11:09:31.051Z" , "PUBLISHED" ,
 "https://fedora.prod.icpsr.umich.edu/fedora/rest/openicpsr/112331" , "4" , "1185424" , "2010-03-01T00:00:00" , "112331" ,  , "Replication data for: Intergroup Conflict and Intra-group Punishment in an Experimental Contest Game" , "2019-10-11T18:34:44.389Z" , "PUBLISHED" ,
 "https://fedora.prod.icpsr.umich.edu/fedora/rest/openicpsr/112452" , "3" , "1345474" , "2011-08-01T00:00:00" , "112452" ,  , "Replication data for: Finance and Development: A Tale of Two Sectors" , "2019-10-11T20:00:44.445Z" , "PUBLISHED" ,
 "https://fedora.prod.icpsr.umich.edu/fedora/rest/openicpsr/112440" , "32" , "1083372036" , "2011-06-01T00:00:00" , "112440" ,  , "Replication data for: Group Size and Incentives to Contribute: A Natural Experiment at Chinese Wikipedia" , "2019-10-11T19:52:51.769Z" , "PUBLISHED" ,
 "https://fedora.prod.icpsr.umich.edu/fedora/rest/openicpsr/111743" , "332" , "203179406" , "2019-09-09T14:02:16" , "111743" ,  , "Data and Code for: Are Ideas Getting Harder to Find?" , "2019-09-09T18:02:16.524Z" , "PUBLISHED" ,
 "https://fedora.prod.icpsr.umich.edu/fedora/rest/openicpsr/112082" , "44" , "636601567" , "2019-09-27T04:08:06" , "112082" ,  , "Replication Data for: Youth Enfranchisement, Political Responsiveness, and Education Expenditure: Evidence from the U.S." , "2019-09-27T08:08:06.353Z" , "PUBLISHED" ,
 "https://fedora.prod.icpsr.umich.edu/fedora/rest/openicpsr/111145" , "135" , "4851652271" , "2019-08-06T18:21:13" , "111145" ,  , "Data and Code for Risk, the College Premium, and Aggregate Human Capital Investment" , "2019-08-06T22:21:13.019Z" , "PUBLISHED" ,
 "https://fedora.prod.icpsr.umich.edu/fedora/rest/openicpsr/109644" , "16" , "733504" , "2019-05-07T16:12:08" , "109644" ,  , "Replication Code for: The Long-Run Impacts of Specialized Programming for High-Achieving Students" , "2019-05-07T20:12:08.272Z" , "PUBLISHED" ,
 "https://fedora.prod.icpsr.umich.edu/fedora/rest/openicpsr/112419" , "80" , "3180464" , "2011-04-01T00:00:00" , "112419" ,  , "Replication data for: The Willingness to Pay—Willingness to Accept Gap, the Endowment Effect, Subject Misconceptions, and Experimental Procedures for Eliciting Valuations: Comment" , "2019-10-11T19:45:33.639Z" , "PUBLISHED" ,
 "https://fedora.prod.icpsr.umich.edu/fedora/rest/openicpsr/110642" , "30" , "1550322146" , "2019-07-09T18:27:24" , "110642" ,  , "Is Occupational Licensing a Barrier to Interstate Migration?" , "2019-07-09T22:27:24.783Z" , "PUBLISHED" ,
 "https://fedora.prod.icpsr.umich.edu/fedora/rest/openicpsr/112407" , "4" , "255138" , "2011-04-01T00:00:00" , "112407" ,  , "Replication data for: The Economics of Credence Goods: An Experiment on the Role of Liability, Verifiability, Reputation, and Competition" , "2019-10-11T19:41:24.046Z" , "PUBLISHED" ,
 "https://fedora.prod.icpsr.umich.edu/fedora/rest/openicpsr/112378" , "8" , "455564" , "2010-12-01T00:00:00" , "112378" ,  , "Replication data for: Sudden Stops, Financial Crises, and Leverage" , "2019-10-11T19:05:48.851Z" , "PUBLISHED" ,
 "https://fedora.prod.icpsr.umich.edu/fedora/rest/openicpsr/112366" , "5" , "9735867" , "2010-09-01T00:00:00" , "112366" ,  , "Replication data for: Wage Risk and Employment Risk over the Life Cycle" , "2019-10-11T18:55:21.895Z" , "PUBLISHED" ,
 "https://fedora.prod.icpsr.umich.edu/fedora/rest/openicpsr/112354" , "9" , "3533795" , "2010-06-01T00:00:00" , "112354" ,  , "Replication data for: Antidumping Investigations and the Pass-Through of Antidumping Duties and Exchange Rates: Reply" , "2019-10-11T18:49:07.132Z" , "PUBLISHED" ,
 "https://fedora.prod.icpsr.umich.edu/fedora/rest/openicpsr/112475" , "6" , "148655" , "2011-12-01T00:00:00" , "112475" ,  , "Replication data for: Happiness and Time Preference: The Effect of Positive Affect in a Random-Assignment Experiment" , "2019-10-11T20:30:37.242Z" , "PUBLISHED" ,
 "https://fedora.prod.icpsr.umich.edu/fedora/rest/openicpsr/112342" , "4" , "2322861" , "2010-05-01T00:00:00" , "112342" ,  , "Replication data for: The Effectiveness of Peer Tutoring on Student Achievement at the University Level" , "2019-10-11T18:38:47.168Z" , "PUBLISHED" ,
 "https://fedora.prod.icpsr.umich.edu/fedora/rest/openicpsr/112463" , "4" , "467857" , "2011-10-01T00:00:00" , "112463" ,  , "Replication data for: The Fundamental Law of Road Congestion: Evidence from US Cities" , "2019-10-11T20:06:19.026Z" , "PUBLISHED" ,
 "https://fedora.prod.icpsr.umich.edu/fedora/rest/openicpsr/112330" , "15" , "72265927" , "2010-03-01T00:00:00" , "112330" ,  , "Replication data for: Can Multistage Production Explain the Home Bias in Trade?" , "2019-10-11T18:34:26.768Z" , "PUBLISHED" ,
 "https://fedora.prod.icpsr.umich.edu/fedora/rest/openicpsr/112451" , "20" , "55745448" , "2011-08-01T00:00:00" , "112451" ,  , "Replication data for: Climbing atop the Shoulders of Giants: The Impact of Institutions on Cumulative Research" , "2019-10-11T20:00:24.2Z" , "PUBLISHED" ,
 "https://fedora.prod.icpsr.umich.edu/fedora/rest/openicpsr/112081" , "164" , "639335438" , "2019-09-26T23:19:34" , "112081" ,  , "Replication Archive for: The Welfare Effects of Social Media" , "2019-09-27T03:19:34.696Z" , "PUBLISHED" ,
 "https://fedora.prod.icpsr.umich.edu/fedora/rest/openicpsr/111582" , "31" , "3860148" , "2019-08-27T11:03:20" , "111582" ,  , "Data and Code for: The Rise of Services and Balanced Growth in Theory and Data" , "2019-08-27T15:03:20.337Z" , "PUBLISHED" ,
 "https://fedora.prod.icpsr.umich.edu/fedora/rest/openicpsr/110861" , "26" , "143971579" , "2019-07-23T02:39:22" , "110861" ,  , "Rising Intergenerational income Persistence in China" , "2019-07-23T06:39:22.55Z" , "PUBLISHED" ,
 "https://fedora.prod.icpsr.umich.edu/fedora/rest/openicpsr/110982" , "20" , "1719704" , "2019-07-30T17:46:35" , "110982" ,  , "Land Reform and Productivity: A Quantitative Analysis with Micro Data" , "2019-07-30T21:46:35.526Z" , "PUBLISHED" ,
 "https://fedora.prod.icpsr.umich.edu/fedora/rest/openicpsr/112309" , "92" , "12105341" , "2005-03-01T00:00:00" , "112309" ,  , "Replication data for: Will U.S. Agriculture Really Benefit from Global Warming? Accounting for Irrigation in the Hedonic Approach" , "2019-10-11T18:26:44.562Z" , "PUBLISHED" ,
 "https://fedora.prod.icpsr.umich.edu/fedora/rest/openicpsr/112418" , "29" , "2008977" , "2011-04-01T00:00:00" , "112418" ,  , "Replication data for: Checkmate: Exploring Backward Induction among Chess Players" , "2019-10-11T19:45:07.071Z" , "PUBLISHED" ,
 "https://fedora.prod.icpsr.umich.edu/fedora/rest/openicpsr/112406" , "5" , "252556" , "2011-04-01T00:00:00" , "112406" ,  , "Replication data for: Contracts as Reference Points—Experimental Evidence" , "2019-10-11T19:41:04.572Z" , "PUBLISHED" ,
 "https://fedora.prod.icpsr.umich.edu/fedora/rest/openicpsr/112389" , "15" , "1715603" , "2010-12-01T00:00:00" , "112389" ,  , "Replication data for: Can Higher Prices Stimulate Product Use? Evidence from a Field Experiment in Zambia" , "2019-10-11T19:09:17.057Z" , "PUBLISHED" ,
 "https://fedora.prod.icpsr.umich.edu/fedora/rest/openicpsr/110902" , "9" , "153828" , "2019-07-26T14:18:34" , "110902" ,  , "Data and Code for: Bubbly Recessions" , "2019-07-26T18:18:34.953Z" , "PUBLISHED" ,
 "https://fedora.prod.icpsr.umich.edu/fedora/rest/openicpsr/112377" , "51" , "2576803" , "2010-09-01T00:00:00" , "112377" ,  , "Replication data for: Social Identity and Preferences" , "2019-10-11T19:05:05.318Z" , "PUBLISHED" ,
 "https://fedora.prod.icpsr.umich.edu/fedora/rest/openicpsr/110643" , "22" , "55813994" , "2019-07-09T18:29:04" , "110643" ,  , "Data and Code for Energy Cost Pass-Through in U.S. Manufacturing: Estimates and Implications for Carbon Taxes" , "2019-07-09T22:29:04.178Z" , "PUBLISHED" ,
 "https://fedora.prod.icpsr.umich.edu/fedora/rest/openicpsr/112365" , "6" , "120677" , "2010-09-01T00:00:00" , "112365" ,  , "Replication data for: Are Health Insurance Markets Competitive?" , "2019-10-11T18:55:12.756Z" , "PUBLISHED" ,
 "https://fedora.prod.icpsr.umich.edu/fedora/rest/openicpsr/112353" , "10" , "77462" , "2010-06-01T00:00:00" , "112353" ,  , "Replication data for: Vertical Relationships and Competition in Retail Gasoline Markets: Empirical Evidence from Contract Changes in Southern California: Reply" , "2019-10-11T18:48:53.862Z" , "PUBLISHED" ,
 "https://fedora.prod.icpsr.umich.edu/fedora/rest/openicpsr/112474" , "17" , "27900580" , "2011-12-01T00:00:00" , "112474" ,  , "Replication data for: The Effects of Rural Electrification on Employment: New Evidence from South Africa" , "2019-10-11T20:30:18.437Z" , "PUBLISHED" ,
 "https://fedora.prod.icpsr.umich.edu/fedora/rest/openicpsr/112341" , "3" , "190286" , "2010-05-01T00:00:00" , "112341" ,  , "Replication data for: Do Traditional Institutions Constrain Female Entrepreneurship? A Field Experiment on Business Training in India" , "2019-10-11T18:38:40.803Z" , "PUBLISHED" ,
 "https://fedora.prod.icpsr.umich.edu/fedora/rest/openicpsr/112462" , "14" , "7030599" , "2011-10-01T00:00:00" , "112462" ,  , "Replication data for: The Potential of Social Identity for Equilibrium Selection" , "2019-10-11T20:06:05.62Z" , "PUBLISHED" ,
 "https://fedora.prod.icpsr.umich.edu/fedora/rest/openicpsr/112450" , "7" , "6362584" , "2011-08-01T00:00:00" , "112450" ,  , "Replication data for: New York City Cab Drivers' Labor Supply Revisited: Reference-Dependent Preferences with Rational-Expectations Targets for Hours and Income" , "2019-10-11T20:00:13.617Z" , "PUBLISHED" ,
 "https://fedora.prod.icpsr.umich.edu/fedora/rest/openicpsr/111745" , "99" , "101051255" , "2019-09-09T14:48:56" , "111745" ,  , "Replication Data for: Demand Volatility, Adjustment Costs, and Productivity: An Examination of Capacity Utilization for Hotels and Airlines" , "2019-09-09T18:48:56.211Z" , "PUBLISHED" ,
 "https://fedora.prod.icpsr.umich.edu/fedora/rest/openicpsr/112391" , "7" , "367095" , "2010-12-01T00:00:00" , "112391" ,  , "Replication data for: Organizational Structure, Communication, and Group Ethics" , "2019-10-11T19:09:39.858Z" , "PUBLISHED" ,
 "https://fedora.prod.icpsr.umich.edu/fedora/rest/openicpsr/111583" , "67" , "1234046" , "2019-08-27T11:07:27" , "111583" ,  , "Code for "Heterogeneous Beliefs and School Choice Mechanisms" " , "2019-08-27T15:07:27.263Z" , "PUBLISHED" ,
 "https://fedora.prod.icpsr.umich.edu/fedora/rest/openicpsr/112348" , "87" , "2671000" , "2010-06-01T00:00:00" , "112348" ,  , "Replication data for: A Theory of Optimal Random Crackdowns" , "2019-10-11T18:43:08.247Z" , "PUBLISHED" ,
 "https://fedora.prod.icpsr.umich.edu/fedora/rest/openicpsr/112469" , "19" , "349160" , "2011-10-01T00:00:00" , "112469" ,  , "Replication data for: Aggregate and Idiosyncratic Risk in a Frictional Labor Market" , "2019-10-11T20:11:19.278Z" , "PUBLISHED" ,
 "https://fedora.prod.icpsr.umich.edu/fedora/rest/openicpsr/112324" , "30" , "301761" , "2010-03-01T00:00:00" , "112324" ,  , "Replication data for: Patient Cost-Sharing and Hospitalization Offsets in the Elderly" , "2019-10-11T18:31:52.262Z" , "PUBLISHED" ,
 "https://fedora.prod.icpsr.umich.edu/fedora/rest/openicpsr/112336" , "11" , "513495" , "2010-03-01T00:00:00" , "112336" ,  , "Replication data for: Risk and Time Preferences: Linking Experimental and Household Survey Data from Vietnam" , "2019-10-11T18:35:55.295Z" , "PUBLISHED" ,
 "https://fedora.prod.icpsr.umich.edu/fedora/rest/openicpsr/112457" , "58" , "996086549" , "2011-10-01T00:00:00" , "112457" ,  , "Replication data for: Trends in Quality-Adjusted Skill Premia in the United States, 1960-2000" , "2019-10-11T20:02:27.336Z" , "PUBLISHED" ,
 "https://fedora.prod.icpsr.umich.edu/fedora/rest/openicpsr/112445" , "26" , "158311" , "2011-08-01T00:00:00" , "112445" ,  , "Replication data for: An Experimental Component Index for the CPI: From Annual Computer Data to Monthly Data on Other Goods" , "2019-10-11T19:57:19.375Z" , "PUBLISHED" ,
 "https://fedora.prod.icpsr.umich.edu/fedora/rest/openicpsr/112433" , "20" , "1354616" , "2011-06-01T00:00:00" , "112433" ,  , "Replication data for: Using Loopholes to Reveal the Marginal Cost of Regulation: The Case of Fuel-Economy Standards" , "2019-10-11T19:50:15.703Z" , "PUBLISHED" ,
 "https://fedora.prod.icpsr.umich.edu/fedora/rest/openicpsr/112312" , "8" , "55194488" , "2005-03-01T00:00:00" , "112312" ,  , "Replication data for: Educational Reform, Ability, and Family Background" , "2019-10-11T18:28:22.582Z" , "PUBLISHED" ,
 "https://fedora.prod.icpsr.umich.edu/fedora/rest/openicpsr/112421" , "23" , "2432712" , "2011-05-01T00:00:00" , "112421" ,  , "Replication data for: US Trade and Inventory Dynamics" , "2019-10-11T19:46:50.034Z" , "PUBLISHED" ,
 "https://fedora.prod.icpsr.umich.edu/fedora/rest/openicpsr/112186" , "142" , "25724902" , "2019-10-04T19:11:13" , "112186" ,  , "Data and Code for: Poverty and Migration in the Digital Age: Experimental Evidence on Mobile Banking in Bangladesh" , "2019-10-04T23:11:13.087Z" , "PUBLISHED" ,
 "https://fedora.prod.icpsr.umich.edu/fedora/rest/openicpsr/112184" , "22" , "646080181" , "2019-10-04T12:05:53" , "112184" ,  , "Data and Code for 'Job Displacement, Family Dynamics and Spousal Labor Supply'" , "2019-10-04T16:05:52.992Z" , "PUBLISHED" ,
 "https://fedora.prod.icpsr.umich.edu/fedora/rest/openicpsr/111746" , "5" , "1596815" , "2019-09-09T18:27:17" , "111746" ,  , "Data and Code for The Gender Gap in Undergraduate Economics Course Persistence and Degree Selection" , "2019-09-09T22:27:17.114Z" , "PUBLISHED" ,
 "https://fedora.prod.icpsr.umich.edu/fedora/rest/openicpsr/111722" , "3276" , "12678769065" , "2019-09-07T08:06:18" , "111722" ,  , "Data and Code for The Migration Accelerator: Labor Mobility, Housing, and Demand" , "2019-09-07T12:06:18.582Z" , "PUBLISHED" ,
 "https://fedora.prod.icpsr.umich.edu/fedora/rest/openicpsr/112172" , "100" , "255585565" , "2019-10-03T15:12:51" , "112172" ,  , "Data and Code for: Decompositions and Policy Consequences of an Extraordinary Decline in Air Pollution from Electricity Generation" , "2019-10-03T19:12:51.314Z" , "PUBLISHED" ,
 "https://fedora.prod.icpsr.umich.edu/fedora/rest/openicpsr/112390" , "4" , "120122" , "2010-12-01T00:00:00" , "112390" ,  , "Replication data for: Inheritance Law and Investment in Family Firms" , "2019-10-11T19:09:32.509Z" , "PUBLISHED" ,
 "https://fedora.prod.icpsr.umich.edu/fedora/rest/openicpsr/111003" , "40" , "59039819" , "2019-07-31T16:30:55" , "111003" ,  , "Replication Package for Pinkovskiy and Sala-i-Martin (2019) AEJ Macro" , "2019-07-31T20:30:55.409Z" ,  ,
 "https://fedora.prod.icpsr.umich.edu/fedora/rest/openicpsr/111221" , "6" , "1294253" , "2019-08-08T07:52:34" , "111221" ,  , "Currency Based on Time Standard " , "2019-08-08T11:52:34.773Z" ,  ,
 "https://fedora.prod.icpsr.umich.edu/fedora/rest/openicpsr/111342" , "1020" , "86567568" , "2019-08-12T12:04:38" , "111342" ,  , "Replication data for Beyond Competitive Devaluations" , "2019-08-12T16:04:38.317Z" ,  ,
 "https://fedora.prod.icpsr.umich.edu/fedora/rest/openicpsr/111681" , "4" , "36529" , "2019-09-02T13:49:33" , "111681" ,  , "Data & Code for: Non-dogmatic Social Discounting" , "2019-09-02T17:49:33.594Z" , "PUBLISHED" ,
 "https://fedora.prod.icpsr.umich.edu/fedora/rest/openicpsr/111366" , "95" , "5558370" , "2019-08-13T16:22:06" , "111366" ,  , "Data and Code for: Maternal Depression, Women's Empowerment, and Parental Investment: Evidence from a Randomized Control Trial" , "2019-08-13T20:22:06.167Z" , "PUBLISHED" ,
 "https://fedora.prod.icpsr.umich.edu/fedora/rest/openicpsr/112359" , "5" , "2025274" , "2010-06-01T00:00:00" , "112359" ,  , "Replication data for: Infrequent Portfolio Decisions: A Solution to the Forward Discount Puzzle" , "2019-10-11T18:51:46.969Z" , "PUBLISHED" ,
 "https://fedora.prod.icpsr.umich.edu/fedora/rest/openicpsr/112347" , "7" , "425210" , "2010-06-01T00:00:00" , "112347" ,  , "Replication data for: Investment and Usage of New Technologies: Evidence from a Shared ATM Network" , "2019-10-11T18:42:56.585Z" , "PUBLISHED" ,
 "https://fedora.prod.icpsr.umich.edu/fedora/rest/openicpsr/112468" , "5" , "4368501" , "2011-10-01T00:00:00" , "112468" ,  , "Replication data for: How Demanding Is the Revealed Preference Approach to Demand?" , "2019-10-11T20:11:10.394Z" , "PUBLISHED" ,
 "https://fedora.prod.icpsr.umich.edu/fedora/rest/openicpsr/112335" , "12" , "252945" , "2010-03-01T00:00:00" , "112335" ,  , "Replication data for: Social Preferences, Beliefs, and the Dynamics of Free Riding in Public Goods Experiments" , "2019-10-11T18:35:42.495Z" , "PUBLISHED" ,
 "https://fedora.prod.icpsr.umich.edu/fedora/rest/openicpsr/112456" , "16" , "59854082" , "2011-08-01T00:00:00" , "112456" ,  , "Replication data for: The Area and Population of Cities: New Insights from a Different Perspective on Cities" , "2019-10-11T20:01:44.144Z" , "PUBLISHED" ,
 "https://fedora.prod.icpsr.umich.edu/fedora/rest/openicpsr/112311" , "3" , "94609" , "2005-03-01T00:00:00" , "112311" ,  , "Replication data for: Why the Apple Doesn't Fall Far: Understanding Intergenerational Transmission of Human Capital" , "2019-10-11T18:28:14.386Z" , "PUBLISHED" ,
 "https://fedora.prod.icpsr.umich.edu/fedora/rest/openicpsr/112444" , "63" , "17816502" , "2011-08-01T00:00:00" , "112444" ,  , "Replication data for: From Financial Crash to Debt Crisis" , "2019-10-11T19:56:14.592Z" , "PUBLISHED" ,
 "https://fedora.prod.icpsr.umich.edu/fedora/rest/openicpsr/112323" , "4" , "65168" , "2010-03-01T00:00:00" , "112323" ,  , "Replication data for: Entry, Exit, and Investment-Specific Technical Change" , "2019-10-11T18:31:45.744Z" , "PUBLISHED" ,
 "https://fedora.prod.icpsr.umich.edu/fedora/rest/openicpsr/112432" , "35" , "1750456" , "2011-06-01T00:00:00" , "112432" ,  , "Replication data for: R&D Investment, Exporting, and Productivity Dynamics" , "2019-10-11T19:49:43.67Z" , "PUBLISHED" ,
 "https://fedora.prod.icpsr.umich.edu/fedora/rest/openicpsr/110621" , "13" , "2722771277" , "2019-07-08T15:18:50" , "110621" ,  , "Replication Code and Data for: Nominal Wage Rigidity in Village Labor Markets" , "2019-07-08T19:18:50.032Z" ,  ,
 "https://fedora.prod.icpsr.umich.edu/fedora/rest/openicpsr/112420" , "6" , "52504" , "2011-05-01T00:00:00" , "112420" ,  , "Replication data for: Trade Finance and the Great Trade Collapse" , "2019-10-11T19:46:38.465Z" , "PUBLISHED" ,
 "https://fedora.prod.icpsr.umich.edu/fedora/rest/openicpsr/110905" , "30" , "5812910" , "2019-07-26T17:48:29" , "110905" ,  , "Data and Code for: Market Panics, Frenzies, and Informational Efficiency" , "2019-07-26T21:48:29.534Z" , "PUBLISHED" ,
 "https://fedora.prod.icpsr.umich.edu/fedora/rest/openicpsr/111682" , "6" , "153765539" , "2019-09-02T18:13:35" , "111682" ,  , "Data and Code for: The Effects of Income Transparency on Well-Being" , "2019-09-02T22:13:35.942Z" , "PUBLISHED" ,
 "https://fedora.prod.icpsr.umich.edu/fedora/rest/openicpsr/112358" , "76" , "6044984" , "2010-06-01T00:00:00" , "112358" ,  , "Replication data for: Emissions Trading, Electricity Restructuring, and Investment in Pollution Abatement" , "2019-10-11T18:50:45.4Z" , "PUBLISHED" ,
 "https://fedora.prod.icpsr.umich.edu/fedora/rest/openicpsr/112479" , "27" , "10879211" , "2011-12-01T00:00:00" , "112479" ,  , "Replication data for: The Slave Trade and the Origins of Mistrust in Africa" , "2019-10-11T20:31:55.166Z" , "PUBLISHED" ,
 "https://fedora.prod.icpsr.umich.edu/fedora/rest/openicpsr/112346" , "227" , "3500214" , "2010-06-01T00:00:00" , "112346" ,  , "Replication data for: Trade Shocks and Labor Adjustment: A Structural Empirical Approach" , "2019-10-11T18:39:56.998Z" , "PUBLISHED" ,
 "https://fedora.prod.icpsr.umich.edu/fedora/rest/openicpsr/112467" , "152" , "1129228" , "2011-10-01T00:00:00" , "112467" ,  , "Replication data for: Estimating Marginal Returns to Education" , "2019-10-11T20:09:05.898Z" , "PUBLISHED" ,
 "https://fedora.prod.icpsr.umich.edu/fedora/rest/openicpsr/110581" , "4" , "3826625" , "2019-07-06T01:56:09" , "110581" ,  , "Fairness Norms Survey Data" , "2019-07-06T05:56:09.017Z" ,  ,
 "https://fedora.prod.icpsr.umich.edu/fedora/rest/openicpsr/112322" , "3" , "280404" , "2010-03-01T00:00:00" , "112322" ,  , "Replication data for: Matching and Sorting in Online Dating" , "2019-10-11T18:31:38.281Z" , "PUBLISHED" ,
 "https://fedora.prod.icpsr.umich.edu/fedora/rest/openicpsr/112334" , "5" , "3239230" , "2010-03-01T00:00:00" , "112334" ,  , "Replication data for: Financial Exchange Rates and International Currency Exposures" , "2019-10-11T18:35:34.218Z" , "PUBLISHED" ,
 "https://fedora.prod.icpsr.umich.edu/fedora/rest/openicpsr/112455" , "17" , "175284500" , "2011-08-01T00:00:00" , "112455" ,  , "Replication data for: Panic on the Streets of London: Police, Crime, and the July 2005 Terror Attacks" , "2019-10-11T20:01:16.301Z" , "PUBLISHED" ,
 "https://fedora.prod.icpsr.umich.edu/fedora/rest/openicpsr/112443" , "77" , "295573610" , "2011-08-01T00:00:00" , "112443" ,  , "Replication data for: Environmental Accounting for Pollution in the United States Economy" , "2019-10-11T19:54:53.03Z" , "PUBLISHED" ,
 "https://fedora.prod.icpsr.umich.edu/fedora/rest/openicpsr/112431" , "9" , "1116577" , "2011-06-01T00:00:00" , "112431" ,  , "Replication data for: Electoral Accountability and Corruption: Evidence from the Audits of Local Governments" , "2019-10-11T19:49:20.234Z" , "PUBLISHED" ,
 "https://fedora.prod.icpsr.umich.edu/fedora/rest/openicpsr/112310" , "4" , "13601407" , "2005-03-01T00:00:00" , "112310" ,  , "Replication data for: Patent Citations and the Geography of Knowledge Spillovers: A Reassessment" , "2019-10-11T18:28:06.431Z" , "PUBLISHED" ,
 "https://fedora.prod.icpsr.umich.edu/fedora/rest/openicpsr/111683" , "39" , "190433882" , "2019-09-02T19:30:43" , "111683" ,  , "Data and Code For: Losing Prosociality in the Quest for Talent" , "2019-09-02T23:30:43.177Z" , "PUBLISHED" ,
 "https://fedora.prod.icpsr.umich.edu/fedora/rest/openicpsr/111223" , "6" , "151926" , "2019-08-08T09:55:20" , "111223" ,  , "Data and Code for: Long-run Effects from Comprehensive Student Support: Evidence from Pathways to Education" , "2019-08-08T13:55:20.438Z" , "PUBLISHED" ,
 "https://fedora.prod.icpsr.umich.edu/fedora/rest/openicpsr/112369" , "13" , "6418619" , "2010-09-01T00:00:00" , "112369" ,  , "Replication data for: Kinship, Incentives, and Evolution" , "2019-10-11T18:56:36.534Z" , "PUBLISHED" ,
 "https://fedora.prod.icpsr.umich.edu/fedora/rest/openicpsr/112357" , "28" , "467752" , "2010-06-01T00:00:00" , "112357" ,  , "Replication data for: The Macroeconomic Effects of Tax Changes: Estimates Based on a New Measure of Fiscal Shocks" , "2019-10-11T18:50:18.779Z" , "PUBLISHED" ,
 "https://fedora.prod.icpsr.umich.edu/fedora/rest/openicpsr/112478" , "16" , "781301" , "2011-12-01T00:00:00" , "112478" ,  , "Replication data for: Extreme Walrasian Dynamics: The Gale Example in the Lab" , "2019-10-11T20:31:39.124Z" , "PUBLISHED" ,
 "https://fedora.prod.icpsr.umich.edu/fedora/rest/openicpsr/112345" , "10" , "188507701" , "2010-05-01T00:00:00" , "112345" ,  , "Replication data for: Growth Opportunities and Technology Shocks" , "2019-10-11T18:39:32.645Z" , "PUBLISHED" ,
 "https://fedora.prod.icpsr.umich.edu/fedora/rest/openicpsr/112466" , "3" , "395946" , "2011-10-01T00:00:00" , "112466" ,  , "Replication data for: The Chinese Warrants Bubble" , "2019-10-11T20:08:55.822Z" , "PUBLISHED" ,
 "https://fedora.prod.icpsr.umich.edu/fedora/rest/openicpsr/112333" , "6" , "231112" , "2010-03-01T00:00:00" , "112333" ,  , "Replication data for: Tournaments and Office Politics: Evidence from a Real Effort Experiment" , "2019-10-11T18:35:25.585Z" , "PUBLISHED" ,
 "https://fedora.prod.icpsr.umich.edu/fedora/rest/openicpsr/112454" , "5" , "7840817" , "2011-08-01T00:00:00" , "112454" ,  , "Replication data for: State Misallocation and Housing Prices: Theory and Evidence from China" , "2019-10-11T20:01:04.673Z" , "PUBLISHED" ,
 "https://fedora.prod.icpsr.umich.edu/fedora/rest/openicpsr/112442" , "7" , "112662" , "2011-06-01T00:00:00" , "112442" ,  , "Replication data for: Returns to Education: Evidence from UK Twins: Comment" , "2019-10-11T19:54:32.802Z" , "PUBLISHED" ,
 "https://fedora.prod.icpsr.umich.edu/fedora/rest/openicpsr/110841" , "161" , "1226772581" , "2019-07-22T16:17:01" , "110841" ,  , "Data and Code for: Using aggregate relational data to feasibly identify network structure without network data" , "2019-07-22T20:17:01.503Z" , "PUBLISHED" ,
 "https://fedora.prod.icpsr.umich.edu/fedora/rest/openicpsr/112321" , "7" , "172112" , "2005-05-01T00:00:00" , "112321" ,  , "Replication data for: Academic Journal Pricing and the Demand of Libraries" , "2019-10-11T18:31:29.505Z" , "PUBLISHED" ,
 "https://fedora.prod.icpsr.umich.edu/fedora/rest/openicpsr/112430" , "17" , "14294182" , "2011-06-01T00:00:00" , "112430" ,  , "Replication data for: What Do Trade Negotiators Negotiate About? Empirical Evidence from the World Trade Organization" , "2019-10-11T19:49:04.757Z" , "PUBLISHED" ,
